,link
0,/B-n-da-c-n-cao-cp--b-th-thao-n-p-YBN45-mu-mi-nht-2022-i.199271601.10160227802?sp_atk=45e431d7-e317-4c37-8ab4-2e7030a20232&xptdk=45e431d7-e317-4c37-8ab4-2e7030a20232
1,/o-thun-polo-unisex-Corecury-tay-l-form-rng-o-thun-c-b-nam-n-cht-cotton-c-su-mm-logo-thu--MayLinh-shop-i.448790585.21904277245?sp_atk=d58c98b9-6a35-4d74-9ab1-09f00b449c13&xptdk=d58c98b9-6a35-4d74-9ab1-09f00b449c13
2,/B-o-N-Qun-Jogger-N-Ch-B--Set-o-Sweater-N-Km-Qun-ng-Boom-3-Mu-Fullsize--i.174530170.18053394430?sp_atk=7b586c64-35a2-4ef5-ade5-98f33ef159fa&xptdk=7b586c64-35a2-4ef5-ade5-98f33ef159fa
3,/Qun-ng-Rng-Nam-N-Unisex-MayLinh-shop-Kiu-Dng-Th-Thao-Ulzzang-Dy-Rt--Gu-Qun-3-Mu-en-Trng-Hng-i.448790585.4189572749?sp_atk=19dea295-08bb-4b2d-9ae7-9205c9ca079b&xptdk=19dea295-08bb-4b2d-9ae7-9205c9ca079b
4,/Chn-Vy-N-Chn-Vy-KaKi-Ch-A-Ti-Hp-Phong-Cch-Hn-Quc-C-Qun-Trong-Trng-L-Dng-Siu-Xinh-i.578458112.21666414768?sp_atk=47f2ab74-9c8f-443a-8f4d-f8fa638d6d05&xptdk=47f2ab74-9c8f-443a-8f4d-f8fa638d6d05
5,/Set-o-Sweater-Dt-Kim-Qun-Lng-Cao-ng-Rng-Thit-K-Mi-Thi-Trang-Theo-Phong-Cch-Hn-Quc-Cho-N-i.349523222.19139823942?sp_atk=a87d2a5e-a60c-4481-ac4c-c81a4825ca8c&xptdk=a87d2a5e-a60c-4481-ac4c-c81a4825ca8c
6,/Set-o-Len-Dng-Rng-C-Ch-V-Qun-Nhung-Thit-K-Mi-Thi-Trang-Dnh-Cho-N-i.349523222.19739833688?sp_atk=4c05512f-3ea2-4bda-a324-9653ebaee227&xptdk=4c05512f-3ea2-4bda-a324-9653ebaee227
7,/B-o-thun-mng-qun-ym-ng-rng-thi-trang-ma-h-phong-cch-Hn-Quc-cho-njumpsuit-nym-nym-qunSt-phi-qun-ng-rngo-yemym-qun-bigsizeo-ym-n-i.632883733.13063149362?sp_atk=efe4f572-0b30-49d7-b884-17c9b35fdd8d&xptdk=efe4f572-0b30-49d7-b884-17c9b35fdd8d
8,/B--hai-mn-vi-o-len-dt-kim-v-qun-ty-phong-cch-thanh-lch-thi-trang-Php-ma-thu-size-ln-cho-n-i.519456296.19243122268?sp_atk=6f273d0b-8863-423a-8387-77aa90d708e2&xptdk=6f273d0b-8863-423a-8387-77aa90d708e2
9,/Cocory-vn-Set-o-Cc-Tay-C-Trn-Qun-Di-ng-Rng-Thi-Trang-N-i.332345704.13793373125?sp_atk=08d55cf5-7ca5-42f0-819f-6f60d5e46506&xptdk=08d55cf5-7ca5-42f0-819f-6f60d5e46506
10,/Cocory-vn-Set-o-Tr-Vai-Di-Tay-Qun-Short-Lng-Cao-Thi-Trang-N-i.332345704.18950076257?sp_atk=2538d415-da94-4791-8dcd-08e2f5609130&xptdk=2538d415-da94-4791-8dcd-08e2f5609130
11,/Set-o-babydoll-phng-o-hai-dy-ct-qun-short-cho-n-mc-i-chi-mu-siu-xinh-phong-cch-tiu-th-d-thng-i.254074345.17434382747?sp_atk=707e22aa-6c0b-4bee-ad05-63c9605ed1e7&xptdk=707e22aa-6c0b-4bee-ad05-63c9605ed1e7
12,/-SN-Set-o-N-Di-Tay-Qun-Short-i-QUINI-STORE-(-Km-Video-V-nh-Tht-Cn-Cht)-i.126113872.10241354216?sp_atk=2cf53224-c9dc-46fd-86d3-9a8cba53a170&xptdk=2cf53224-c9dc-46fd-86d3-9a8cba53a170
13,/B--Th-Thao-o-Thun-Tay-Ngn-C-Trn-Phi-Qun-ng-Rng-Thu-Hnh-Gu-Hng-Thi-Trang-Cho-N-i.266061624.20002891931?sp_atk=fa9b9ff0-24ea-4007-84d3-f03f07686002&xptdk=fa9b9ff0-24ea-4007-84d3-f03f07686002
14,/St-o--in-gu-qun-kaki-TH6-i.7782867.16761686127?sp_atk=ee559916-1d7a-43b8-9857-babd90cd4298&xptdk=ee559916-1d7a-43b8-9857-babd90cd4298
